<xml xmlns="https://developers.google.com/blockly/xml">
  <block type="s4d_login" id="RSg7SE`$Vnfo7{nw~GBS" x="72" y="31">
    <value name="TOKEN">
      <shadow type="text" id="O}uti6wE|bL|3EwdWQ3%">
        <field name="TEXT">MTA2OTI2NzM4MDI4ODYyNjc5OQ.GyFQ0k.n2aTpLlYDk2nD5tL3lamY_OlTStpfOHXTtzrDQ</field>
      </shadow>
    </value>
  </block>
  <block type="s4d_on_connected" id="A0jcv5`ZPDQieq[mDFng" x="214" y="136">
    <statement name="STATEMENTS">
      <block type="s4d_set_bot_game" id="ievFE=xXkx$wGQ/G,;Kr">
        <field name="OIFD">online</field>
        <field name="TYPE">LISTENING</field>
        <value name="GAME">
          <block type="jg_text_remake_paragraph_quotes" id="T{IqK2A%IF~8_ad$c|Q=">
            <field name="TEXT">Lose Yourself - Eminem</field>
          </block>
        </value>
      </block>
    </statement>
  </block>
</xml>